,video_id,title,tags,views,likes,dislikes,comment_total,combined_features,index
12,-Egtbs-go4Q,Why Do Female Hyenas Have Pseudo-Penises?!,MiutEarth Miut Earth MiutPhysics Miut Physics arth histry scic virmt virmtal scic arth scic bilgy rprducti psudpis hya masculiizati mimicry,218853.0,9184.0,164.0,896.0,MiutEarth Miut Earth MiutPhysics Miut Physics arth histry scic virmt virmtal scic arth scic bilgy rprducti psudpis hya masculiizati mimicry Why Do Female Hyenas Have Pseudo-Penises?!,12
1241,VQTyRVBkeIw,Why Is Your Grandma So Short?,MiutEarth Miut Earth MiutPhysics Miut Physics arth histry scic virmt virmtal scic arth scic Stutig Stutd Grwth Hight Nutriti Malutriti Malabsrpti Ostprsis Fd iscurity saitati,311893.6666666667,11492.666666666666,310.6666666666667,1229.3333333333333,MiutEarth Miut Earth MiutPhysics Miut Physics arth histry scic virmt virmtal scic arth scic Stutig Stutd Grwth Hight Nutriti Malutriti Malabsrpti Ostprsis Fd iscurity saitati Why Is Your Grandma So Short?,1241
1217,UkMZJrbCRdQ,Why Farming Is Broken (And Always Has Been),MiutEarth Miut Earth MiutPhysics Miut Physics arth histry scic virmt virmtal scic arth scic agricultur farmig prial aual krza plycultur prmacultur atural systms agricultur agrfrstry ally crppig Ws Jacks Lad Istitut,310786.0,12767.8,721.8,1408.2,MiutEarth Miut Earth MiutPhysics Miut Physics arth histry scic virmt virmtal scic arth scic agricultur farmig prial aual krza plycultur prmacultur atural systms agricultur agrfrstry ally crppig Ws Jacks Lad Istitut Why Farming Is Broken (And Always Has Been),1217
326,7pOXunRYJIw,"See Through Suppressor in Super Slow Motion (110,000 fps)  - Smarter Every Day 177",Smartr Evry Day Scic Physics Dsti Sadli Educati Math Smartr Evry Day xprimt atur dmstrati slw mti slw mti ducati math scic scic ducati what is scic Physics f prjcts xprimts scic prjcts supprssr silcr stria silcr c autmatic rifl gu NRA Rifl Sipr,2181912.0,53892.666666666664,1318.3333333333333,2040.0,"Smartr Evry Day Scic Physics Dsti Sadli Educati Math Smartr Evry Day xprimt atur dmstrati slw mti slw mti ducati math scic scic ducati what is scic Physics f prjcts xprimts scic prjcts supprssr silcr stria silcr c autmatic rifl gu NRA Rifl Sipr See Through Suppressor in Super Slow Motion (110,000 fps)  - Smarter Every Day 177",326
1244,VSrEIdhrXB4,How to Build a Teleporter with Aliens,physics miutphysics scic,390679.6,16227.2,614.4,1715.0,physics miutphysics scic How to Build a Teleporter with Aliens,1244
382,96LawfHPh6s,"250,000 DOMINOES! - The American Domino Record - Smarter Every Day 178",Smartr Evry Day Scic Physics Dsti Sadli Educati Smartr Evry Day xprimt slw mti slw mti ducati math scic scic ducati prjcts xprimts scic prjcts dmis simd dmis dmi scic machi hvsh5 Th Icrdibl Scic Machi: GAME ON! GAME ON HEVESH5 gams thmd dmi stup Stv Pric - Spric Machis Lily Hvsh - Hvsh5 Lily Hvsh triblgy,931946.25,27692.0,1115.5,5508.5,"Smartr Evry Day Scic Physics Dsti Sadli Educati Smartr Evry Day xprimt slw mti slw mti ducati math scic scic ducati prjcts xprimts scic prjcts dmis simd dmis dmi scic machi hvsh5 Th Icrdibl Scic Machi: GAME ON! GAME ON HEVESH5 gams thmd dmi stup Stv Pric - Spric Machis Lily Hvsh - Hvsh5 Lily Hvsh triblgy 250,000 DOMINOES! - The American Domino Record - Smarter Every Day 178",382
2435,zcqZHYo7ONs,Bell's Theorem: The Quantum Venn Diagram Paradox,physics miutphysics scic,746995.1666666666,31190.333333333332,816.3333333333334,3480.1666666666665,physics miutphysics scic Bell's Theorem: The Quantum Venn Diagram Paradox,2435
1136,ScmJvmzDcG0,Forensic Science: Last Week Tonight with John Oliver (HBO),frsic scic jh livr frsic scic,3296280.0,67595.6,1733.6,4560.6,frsic scic jh livr frsic scic Forensic Science: Last Week Tonight with John Oliver (HBO),1136
1855,kbvS-aeEi-8,Make Mega Blender VS Coca Cola in Slow Motion - Cause I can,slw mti SLOW MO mak xprimt cca cla isa mga bldr awsm mga slw m guys bldr causica smartr vry day scic physics smartr vry day scic ducati xprimts scic prjcts physics f ppl ar isa,73188.5,3299.0,71.5,466.5,slw mti SLOW MO mak xprimt cca cla isa mga bldr awsm mga slw m guys bldr causica smartr vry day scic physics smartr vry day scic ducati xprimts scic prjcts physics f ppl ar isa Make Mega Blender VS Coca Cola in Slow Motion - Cause I can,1855
543,DHYRxML2SpA,What Animal Will Survive When Everyone Dies?,surviv i spac spac tardigrads tardigrad watr bar mss piglt bactria caibal mass xticti radiati xyg dplti prssur cryptbisis mtablic prcss Itratial Scity f Tardigrad Hutrs hw t fid a tardigrad hw t s a tardigrad wird scic Lw Earth Orbit lif ggi scic aimati aimatd scic blck,422344.0,14616.666666666666,210.66666666666666,2557.0,surviv i spac spac tardigrads tardigrad watr bar mss piglt bactria caibal mass xticti radiati xyg dplti prssur cryptbisis mtablic prcss Itratial Scity f Tardigrad Hutrs hw t fid a tardigrad hw t s a tardigrad wird scic Lw Earth Orbit lif ggi scic aimati aimatd scic blck What Animal Will Survive When Everyone Dies?,543
331,7xCQ4B40wOc,How to Explode a Pumpkin - Don't Actually Do This,lasr cuttr william sma crappy scic scic hallw xpld pumpki blw up blwig up xy actyl xy actyl pumpki pi diy makr xplsi xpldig pumpkis,114294.0,6236.5,44.5,557.5,lasr cuttr william sma crappy scic scic hallw xpld pumpki blw up blwig up xy actyl xy actyl pumpki pi diy makr xplsi xpldig pumpkis How to Explode a Pumpkin - Don't Actually Do This,331
253,5fYkPljB9Zk,Making a Sword with THERMITE!,Thrmit swrd scic mak diy,682513.6,26092.4,632.8,3724.4,Thrmit swrd scic mak diy Making a Sword with THERMITE!,253
2166,sa3G0vBlucg,Preserving the Migration of Giants: Guyana's Arapaima,th fild musum chicag fild musum scic Bilgy (Fild Of Study) bilgy ducati musums aimals histry wrld histry atural histry Fild Musum Of Natural Histry (Musum) Cultur Dcumtary th brai scp brai scp mily grasli hak gr spcis Chicag (City/Tw/Villag) Musum (Buildig Fucti) atur discvry Guyaa arapaima raifrst migrati giat fish suth amrica wm i scic wm i stm ichthylgist,25325.0,1897.3333333333333,10.0,179.66666666666666,th fild musum chicag fild musum scic Bilgy (Fild Of Study) bilgy ducati musums aimals histry wrld histry atural histry Fild Musum Of Natural Histry (Musum) Cultur Dcumtary th brai scp brai scp mily grasli hak gr spcis Chicag (City/Tw/Villag) Musum (Buildig Fucti) atur discvry Guyaa arapaima raifrst migrati giat fish suth amrica wm i scic wm i stm ichthylgist Preserving the Migration of Giants: Guyana's Arapaima,2166
794,JcI8yn7xQWo,Neil deGrasse Tyson Answers Science Questions From Twitter | Tech Support | WIRED,il dgrass tys tch supprt twittr dt startalk uivrs uivrs qustis uivrs qusti qustis twittr tch supprt il dgrass tys tch supprt il dgrass tys twittr il dgrass tys scic il dgrass tys qustis qusti dark mattr higgs bs scic qustis qustis abut th uivrs scic ifrmati il dgrass scic supprt csmic supprt wird wird.cm tch tchlgy,644185.0,22987.0,696.0,2701.0,il dgrass tys tch supprt twittr dt startalk uivrs uivrs qustis uivrs qusti qustis twittr tch supprt il dgrass tys tch supprt il dgrass tys twittr il dgrass tys scic il dgrass tys qustis qusti dark mattr higgs bs scic qustis qustis abut th uivrs scic ifrmati il dgrass scic supprt csmic supprt wird wird.cm tch tchlgy Neil deGrasse Tyson Answers Science Questions From Twitter | Tech Support | WIRED,794
820,K7pQsR8WFSo,Schlieren Imaging in Color!,vritasium scic physics shlir imagig phtgraphy pig-pg ball light clr clur flam match slw-m slw mti,575165.75,27638.25,265.0,2215.75,vritasium scic physics shlir imagig phtgraphy pig-pg ball light clr clur flam match slw-m slw mti Schlieren Imaging in Color!,820
2444,zqE-ultsWt0,BFR | Earth to Earth,[],2268069.6,43610.0,849.8,7532.4,[] BFR | Earth to Earth,2444
1840,kAphgHhlteM,Blue Planet II Trailer 2 - BBC Earth,plat arth 2 plat arth II blu plat blu plat II blu plat 2 has zimmr prqul ca cas sa watr whal shark ctpus bbc dcumtary BBC BBC Wrldwid Natur Natural Histry Aimals Wildlif Wild bbc arth sir david attbrugh blu plat trailr blu plat 2 trailr plat arth plat arth trailr xtdd trailr trailr,68021.0,3254.5,14.5,319.0,plat arth 2 plat arth II blu plat blu plat II blu plat 2 has zimmr prqul ca cas sa watr whal shark ctpus bbc dcumtary BBC BBC Wrldwid Natur Natural Histry Aimals Wildlif Wild bbc arth sir david attbrugh blu plat trailr blu plat 2 trailr plat arth plat arth trailr xtdd trailr trailr Blue Planet II Trailer 2 - BBC Earth,1840
260,5kZi3J2S52E,The Final Steps of Making Pyrimethamine (Daraprim),Scic xprimt chmistry Pyrimthami Daraprim,230503.5,7921.0,47.0,783.5,Scic xprimt chmistry Pyrimthami Daraprim The Final Steps of Making Pyrimethamine (Daraprim),260
425,AFxLA3RGjnc,First cosmic event seen in gravitational waves and light!,LIGO Virg cllabrati spac scic atial scic fudati liv stram aucmt brakig ws csmic gravitatial wavs light utr stars prss cfrc pr cllisi utr star cllisi multi-mssgr astrmy astrmy tlscp Lasr Itrfrmtr Gravitatial Wav Obsrvatry,137332.2,1492.4,52.0,0.0,LIGO Virg cllabrati spac scic atial scic fudati liv stram aucmt brakig ws csmic gravitatial wavs light utr stars prss cfrc pr cllisi utr star cllisi multi-mssgr astrmy astrmy tlscp Lasr Itrfrmtr Gravitatial Wav Obsrvatry First cosmic event seen in gravitational waves and light!,425
1257,VsXu80J31uc,What Would Happen If All The Bugs Died?,bugs iscts wasp ivasiv spcis gypsy mth asia lghrd btl msquit malaria CDC disas fd chai halth crps farmig iscticids psticids fd fd prducti aimals farm plliati fd supply Evirmt Whl Fds lif ggi scic aimati aimatd scic blck,378722.25,14525.75,228.0,3364.0,bugs iscts wasp ivasiv spcis gypsy mth asia lghrd btl msquit malaria CDC disas fd chai halth crps farmig iscticids psticids fd fd prducti aimals farm plliati fd supply Evirmt Whl Fds lif ggi scic aimati aimatd scic blck What Would Happen If All The Bugs Died?,1257
1414,_38JDGnr0vA,Blue Planet II : The Prequel,BBC BBC Wrldwid Natur Natural Histry Aimals Wildlif Wild bbc arth sir david attbrugh plat arth plat arth 2 plat arth II blu plat blu plat II blu plat 2 has zimmr radihad thm yrk prqul music cllabrati ca cas sa watr whal shark ctpus bbc dcumtary बीबीसी ग्रह पृथ्वी II नीले ग्रह II नीला ग्रह नीले ग्रह 2,944562.0,27068.0,227.2,2132.0,BBC BBC Wrldwid Natur Natural Histry Aimals Wildlif Wild bbc arth sir david attbrugh plat arth plat arth 2 plat arth II blu plat blu plat II blu plat 2 has zimmr radihad thm yrk prqul music cllabrati ca cas sa watr whal shark ctpus bbc dcumtary बीबीसी ग्रह पृथ्वी II नीले ग्रह II नीला ग्रह नीले ग्रह 2 Blue Planet II : The Prequel,1414
1931,mjSwRwAqQA4,Why It Is What Time It Is  (The History of Time),scic pbs digital studis pbs j has it's kay t b smart its kay t b smart it's k t b smart its k t b smart public bradcastig srvic atur dcumtary itskaytbsmart histry brif histry f tim histry f tim hw t tll tim timkpig clcks watch rpair 60 miuts hur miut scd sudial galil tim math arrw f tim,239959.5,12062.75,172.75,808.75,scic pbs digital studis pbs j has it's kay t b smart its kay t b smart it's k t b smart its k t b smart public bradcastig srvic atur dcumtary itskaytbsmart histry brif histry f tim histry f tim hw t tll tim timkpig clcks watch rpair 60 miuts hur miut scd sudial galil tim math arrw f tim Why It Is What Time It Is  (The History of Time),1931
117,2HcqS508lIo,The US Military's Most Powerful Gun,railgu military gu pwrful lctrmagtic gu lctric gu aval artillry scic girig histry ral girig,613941.3333333334,16606.0,505.3333333333333,1058.0,railgu military gu pwrful lctrmagtic gu lctric gu aval artillry scic girig histry ral girig The US Military's Most Powerful Gun,117
2263,v36OO-vZTQk,This AI Doesn’t Need Any Help from Humans,SciShw scic Hak Gr ducati lar AI artificial itlligc DpMid Ggl G AlphaG bard gam rifrcmt larig ural twrk arsls Islamic Nilmtr fld il gypt,181608.0,7375.0,116.0,855.0,SciShw scic Hak Gr ducati lar AI artificial itlligc DpMid Ggl G AlphaG bard gam rifrcmt larig ural twrk arsls Islamic Nilmtr fld il gypt This AI Doesn’t Need Any Help from Humans,2263
1002,PInMw_UmlHQ,HOTTEST Recorded Temperatures On Earth (THINGS & PLACES),Httst Rcrdd Tmpraturs  Earth httst tmpraturs tmpraturs arth tmpraturs clsius farhit vr rcrdd vr rcrdd  arth arth tmpratur rcrdd wrld rcrd highst ht wathr dath vally httst placs  arth httst tmpratur wrld rcrds wathr highst tmpratur httst wathr  rcrd th ifgraphics shw thifgraphicsshw httst tmpratur vr rcrdd httst day vr hat httst ht httst yar,144770.66666666666,4122.0,236.33333333333334,1343.3333333333333,Httst Rcrdd Tmpraturs  Earth httst tmpraturs tmpraturs arth tmpraturs clsius farhit vr rcrdd vr rcrdd  arth arth tmpratur rcrdd wrld rcrd highst ht wathr dath vally httst placs  arth httst tmpratur wrld rcrds wathr highst tmpratur httst wathr  rcrd th ifgraphics shw thifgraphicsshw httst tmpratur vr rcrdd httst day vr hat httst ht httst yar HOTTEST Recorded Temperatures On Earth (THINGS & PLACES),1002
831,KMZ2vfIoA9k,Mexico is planning to build its own Hyperloop,Tch Isidr TI Tch Scic Ivati Digital cultur Dsig Tchlgy,61059.5,1721.0,78.5,1240.5,Tch Isidr TI Tch Scic Ivati Digital cultur Dsig Tchlgy Mexico is planning to build its own Hyperloop,831
2121,rJTkHGXMdb0,What Would Happen If You Were Born In Space?,br i spac gravity br  th m hyprgravity simulatd micrgravity rprducti spac pup suprhr iss itratial spac stati da halth muscl b muscl mass b dsity xrcis xrcis i spac astraut md mtal halth asa twi study asa twi study sctt klly mark klly lif ggi scic aimati aimatd scic blck,700098.2,18951.4,596.0,3604.8,br i spac gravity br  th m hyprgravity simulatd micrgravity rprducti spac pup suprhr iss itratial spac stati da halth muscl b muscl mass b dsity xrcis xrcis i spac astraut md mtal halth asa twi study asa twi study sctt klly mark klly lif ggi scic aimati aimatd scic blck What Would Happen If You Were Born In Space?,2121
346,8Lv3tW7bWzU,Emily's Recommended Reading!,th fild musum chicag fild musum scic Bilgy (Fild Of Study) bilgy ducati musums aimals histry wrld histry atural histry Fild Musum Of Natural Histry (Musum) Cultur Dcumtary th brai scp brai scp mily grasli hak gr spcis Chicag (City/Tw/Villag) Musum (Buildig Fucti) atur discvry bks bk rviw d yg caitli dughty abby hward .. wils micrbilgy dath disaurs,19595.333333333332,1775.6666666666667,12.0,325.0,th fild musum chicag fild musum scic Bilgy (Fild Of Study) bilgy ducati musums aimals histry wrld histry atural histry Fild Musum Of Natural Histry (Musum) Cultur Dcumtary th brai scp brai scp mily grasli hak gr spcis Chicag (City/Tw/Villag) Musum (Buildig Fucti) atur discvry bks bk rviw d yg caitli dughty abby hward .. wils micrbilgy dath disaurs Emily's Recommended Reading!,346
1500,aysB58GG3uM,MAKING THE WORLD'S BIGGEST RAINBOW UNICORN CANDY FLOSS,Oli Whit Olivr Whit Jams Whit Brthrs Scic Fu Scic Th Zst Challgs Challg YuTubrs British Cady Flss Wrld rcrd Makig Cady Flss Biggst Cady Flss Biggst Cady Raibw Uicr Multiclurd Crazy Cady Flss Machi tst Circus Hallw Tap Christmas Swts,251753.0,13356.0,104.0,923.0,Oli Whit Olivr Whit Jams Whit Brthrs Scic Fu Scic Th Zst Challgs Challg YuTubrs British Cady Flss Wrld rcrd Makig Cady Flss Biggst Cady Flss Biggst Cady Raibw Uicr Multiclurd Crazy Cady Flss Machi tst Circus Hallw Tap Christmas Swts MAKING THE WORLD'S BIGGEST RAINBOW UNICORN CANDY FLOSS,1500
1049,QQP6c_xLetk,What Would Happen If You Never Stopped Eating?,fd atig atig t much vr stp atig hw much shuld yu at tastbuds halth calris hw may calris shuld yu at utrits mirals sugar cardivascular disas halthy atig typ II diabts high bld prssur sdium salt strk stmach cacr Fat tras fat chlstrl hart disas dath vratig lif ggi scic aimati aimatd scic blck,803577.0,20437.25,934.0,6165.75,fd atig atig t much vr stp atig hw much shuld yu at tastbuds halth calris hw may calris shuld yu at utrits mirals sugar cardivascular disas halthy atig typ II diabts high bld prssur sdium salt strk stmach cacr Fat tras fat chlstrl hart disas dath vratig lif ggi scic aimati aimatd scic blck What Would Happen If You Never Stopped Eating?,1049
1501,aysB58GG3uM,MAKING THE WORLD'S BIGGEST RAINBOW UNICORN COTTON CANDY FLOSS,Oli Whit Olivr Whit Jams Whit Brthrs Scic Fu Scic Th Zst Challgs Challg YuTubrs British Cady Flss Wrld rcrd Makig Cady Flss Biggst Cady Flss Biggst Cady Raibw Uicr Multiclurd Crazy Cady Flss Machi tst Circus Hallw Tap Christmas Swts,283287.0,14481.666666666666,117.0,962.0,Oli Whit Olivr Whit Jams Whit Brthrs Scic Fu Scic Th Zst Challgs Challg YuTubrs British Cady Flss Wrld rcrd Makig Cady Flss Biggst Cady Flss Biggst Cady Raibw Uicr Multiclurd Crazy Cady Flss Machi tst Circus Hallw Tap Christmas Swts MAKING THE WORLD'S BIGGEST RAINBOW UNICORN COTTON CANDY FLOSS,1501
614,FILJznSr6fs,SEMI-AUTOMATIC PORTABLE RAILGUN: SR-1 Introduction,railgu high vltag prtabl 3d pritd rail xpr-3 xpr-1 sr-1 scic tchlgy gadgts lctrmagtic,13586.0,48.0,4.0,7.0,railgu high vltag prtabl 3d pritd rail xpr-3 xpr-1 sr-1 scic tchlgy gadgts lctrmagtic SEMI-AUTOMATIC PORTABLE RAILGUN: SR-1 Introduction,614
1709,g9oCOSvYkWc,Your Body Is Amazing Pt. 2,AsapSCIENCE Amazig Bdy Facts Amazig facts ifgraphic surprisig facts facts abut yu mst amazig facts scic crazy facts physilgy bst scic facts stp mti whitbard lugs rvs livr hart bld aatmy digsti what happs i yur bdy th scic f yur bdy hw ft d yu d t shwr claliss what happs wh yu di what happs wh yu ar br mmry amazig brai facts bdy parts mst amazig bdy part facts abut humas,982992.3333333334,24704.0,879.6666666666666,2125.6666666666665,AsapSCIENCE Amazig Bdy Facts Amazig facts ifgraphic surprisig facts facts abut yu mst amazig facts scic crazy facts physilgy bst scic facts stp mti whitbard lugs rvs livr hart bld aatmy digsti what happs i yur bdy th scic f yur bdy hw ft d yu d t shwr claliss what happs wh yu di what happs wh yu ar br mmry amazig brai facts bdy parts mst amazig bdy part facts abut humas Your Body Is Amazing Pt. 2,1709
2248,ufE-HaySXSg,Here's the age you peak at everything throughout life,Tch Isidr TI Tch Scic Ivati Digital cultur Dsig Tchlgy agig lv ldr yug,176989.5,4504.0,635.75,639.75,Tch Isidr TI Tch Scic Ivati Digital cultur Dsig Tchlgy agig lv ldr yug Here's the age you peak at everything throughout life,2248
1360,YicuZ0gYH_o,"The U.S. & Russia Are Building a Deep Space Gateway, Here's What You Need to Know",currt vts Scic vid NASA m Russia rscms ISS is th ISS abadd w spac stati cliz m cly wh ar w gig t mars back t th m trump pc fudig Nasa ws spac stati ar w gig back t th m l musk asa ws mars 2024 2033 hw s Skr skr daily skr stris scic dws ducati ducatial discvry ws C-Spac,268325.8,7224.6,329.2,1159.4,"currt vts Scic vid NASA m Russia rscms ISS is th ISS abadd w spac stati cliz m cly wh ar w gig t mars back t th m trump pc fudig Nasa ws spac stati ar w gig back t th m l musk asa ws mars 2024 2033 hw s Skr skr daily skr stris scic dws ducati ducatial discvry ws C-Spac The U.S. & Russia Are Building a Deep Space Gateway, Here's What You Need to Know",1360
488,BnxkuaQxe9A,The best photos taken through a microscope,scic phtgraphy ik micrscp phtgraphy atur micrscpic phtgraphy small wrld i mti ctpus rudwrm amba msquit,97096.6,1867.8,33.0,93.6,scic phtgraphy ik micrscp phtgraphy atur micrscpic phtgraphy small wrld i mti ctpus rudwrm amba msquit The best photos taken through a microscope,488
907,MFoODeZfSD0,Can a Laser Cook Potato Chips?,lasr cuttr william sma crappy scic ptat chips ckig diwhy hw t mak ptat chips diy,505564.0,10233.75,1163.25,2235.0,lasr cuttr william sma crappy scic ptat chips ckig diwhy hw t mak ptat chips diy Can a Laser Cook Potato Chips?,907
134,2jtDZXbN-_c,What if Everyone Ate Beans Instead of Beef?,halth scic utriti vgtaria bf mat livstck climat chag grhus missis 2020 climat bas mtha dit chag,24167.0,350.6666666666667,21.0,107.0,halth scic utriti vgtaria bf mat livstck climat chag grhus missis 2020 climat bas mtha dit chag What if Everyone Ate Beans Instead of Beef?,134
802,JsTptu56GM8,How Computers Compress Text: Huffman Coding and Huffman Trees,tm sctt tmsctt th basics cmputr scic huffma cdig cmprssi huffma tr lsslss cmprssi,347016.6666666667,18522.333333333332,116.33333333333333,1071.6666666666667,tm sctt tmsctt th basics cmputr scic huffma cdig cmprssi huffma tr lsslss cmprssi How Computers Compress Text: Huffman Coding and Huffman Trees,802
1938,mrTHfBCduRA,Thalidomide: The Chemistry Mistake That Killed Thousands of Babies,SciShw scic Hak Gr ducati lar chm strchmistry chmistry rgaic chmistry thalidmid stfa chi babis chiral gmtry dfcts,349103.0,11916.333333333334,149.0,948.3333333333334,SciShw scic Hak Gr ducati lar chm strchmistry chmistry rgaic chmistry thalidmid stfa chi babis chiral gmtry dfcts Thalidomide: The Chemistry Mistake That Killed Thousands of Babies,1938
734,IDXBKvaoXHc,Worst Prison Experiments Conducted on Humans,wrst pris xprimts Wrst Pris Exprimts Cductd  Humas pris pris xprimts what ar wrst pris xprimts jail xprimts tp 10 list xprimt tp 5 huma xprimts scic xprimts scic huma vil xprimts th ifgraphics shw thifgraphicsshw scary facts,441867.0,9325.5,473.5,1725.0,wrst pris xprimts Wrst Pris Exprimts Cductd  Humas pris pris xprimts what ar wrst pris xprimts jail xprimts tp 10 list xprimt tp 5 huma xprimts scic xprimts scic huma vil xprimts th ifgraphics shw thifgraphicsshw scary facts Worst Prison Experiments Conducted on Humans,734
170,3d9i_0Ty7Cg,Are You In A Simulation?,Vsauc3 Vsauc vsaus jak rpr kurzgsagt simulatis simulati thry simulati hypthsis simulati argumt virtual rality ick bstrm philsphy scic ducati i a utshll plat,1052551.25,60188.0,1117.75,6359.0,Vsauc3 Vsauc vsaus jak rpr kurzgsagt simulatis simulati thry simulati hypthsis simulati argumt virtual rality ick bstrm philsphy scic ducati i a utshll plat Are You In A Simulation?,170
1417,_6Qbslgpw8U,How the Massive Equifax Data Breach Happened,SciShw scic Hak Gr ducati lar crdit privacy scurity quifax sftwar cdig hackig hackrs apach struts rmt cd xcuti diacara prid cambria placza Dickisia paltlgist,238588.0,7299.0,124.33333333333333,656.0,SciShw scic Hak Gr ducati lar crdit privacy scurity quifax sftwar cdig hackig hackrs apach struts rmt cd xcuti diacara prid cambria placza Dickisia paltlgist How the Massive Equifax Data Breach Happened,1417
2422,zEezFUb8Zz4,Hop Onboard the Shortest Flight in the World,grat big stry gbs lag dcumtary dcs sctlad UK aviati airplas shrtst guiss wrld rcrd rky Travl & Advtur Wird & Fu Kwldg Tch & Scic,145197.0,2745.0,79.0,331.0,grat big stry gbs lag dcumtary dcs sctlad UK aviati airplas shrtst guiss wrld rcrd rky Travl & Advtur Wird & Fu Kwldg Tch & Scic Hop Onboard the Shortest Flight in the World,2422
1489,aiUq5xksJy0,3 Surprising Things Matter Does Under Extreme Pressure,SciShw scic Hak Gr ducati lar 3 Surprisig Thigs Mattr Ds Udr Extrm Prssur Michal Arada mattr DAC Diamd Avil Cll mlculs plats ms gigapascal tmpratur il watr liquid mtha lctrs sdium hlid 3-D chckrbard xtic bl gass gas bl Jupitr cductrs isulatrs is lctricity Nptu Uraus Trit Tita mtal,340221.5,11523.25,170.75,624.75,SciShw scic Hak Gr ducati lar 3 Surprisig Thigs Mattr Ds Udr Extrm Prssur Michal Arada mattr DAC Diamd Avil Cll mlculs plats ms gigapascal tmpratur il watr liquid mtha lctrs sdium hlid 3-D chckrbard xtic bl gass gas bl Jupitr cductrs isulatrs is lctricity Nptu Uraus Trit Tita mtal 3 Surprising Things Matter Does Under Extreme Pressure,1489
1444,_lnPimlBnk4,How to survive if you get stranded on an island in the middle of nowhere,Tch Isidr TI Tch Scic Ivati Digital cultur Dsig Tchlgy Wils th vllyball islad stradd survivr survival,184670.75,3828.25,205.25,547.25,Tch Isidr TI Tch Scic Ivati Digital cultur Dsig Tchlgy Wils th vllyball islad stradd survivr survival How to survive if you get stranded on an island in the middle of nowhere,1444
60,0Yhaei1S5oQ,Japan's Ominous Dancing Cats and the Disaster That Followed,SciShw scic Hak Gr ducati lar Chiss Crprati Miamata Japa chmical plat cat actaldhyd catalyst actic acid bay mrcury Havy mtal irgaic mrcury i mrcuric itrat txic aarbic bactria mthylmrcury biavailabl pisus fish dacig Miamata Disas plactal barrir birth dfct mthii cysti ami acid prti brai wastwatr,301452.5,11060.0,149.5,790.5,SciShw scic Hak Gr ducati lar Chiss Crprati Miamata Japa chmical plat cat actaldhyd catalyst actic acid bay mrcury Havy mtal irgaic mrcury i mrcuric itrat txic aarbic bactria mthylmrcury biavailabl pisus fish dacig Miamata Disas plactal barrir birth dfct mthii cysti ami acid prti brai wastwatr Japan's Ominous Dancing Cats and the Disaster That Followed,60
2086,qPDZZj6By3Y,Killer Whales Attack Minke - Frozen Planet - BBC Earth,BBC BBC Wrldwid Natur Natural Histry Aimals Wildlif Wild hutig mik whal whal mammals rmus ca mari shckig bbc dcumtary bbc arth killr whal rca hut sa whals,171979.0,3397.5,112.0,453.0,BBC BBC Wrldwid Natur Natural Histry Aimals Wildlif Wild hutig mik whal whal mammals rmus ca mari shckig bbc dcumtary bbc arth killr whal rca hut sa whals Killer Whales Attack Minke - Frozen Planet - BBC Earth,2086
448,Ah3V4S15Lyc,Lowe's is giving its workers Iron Man suits to carry your lumber,Tch Isidr TI Tch Scic Ivati Digital cultur Dsig Tchlgy Lw's xcsuit lumbr ir ma havy liftig shppig str rtail cstructi,143639.0,2315.5,190.0,478.0,Tch Isidr TI Tch Scic Ivati Digital cultur Dsig Tchlgy Lw's xcsuit lumbr ir ma havy liftig shppig str rtail cstructi Lowe's is giving its workers Iron Man suits to carry your lumber,448
630,FgW2kpNQ7BY,"Katherine Johnson Interview, Sept. 2017",NASA Lagly Rsarch Ctr arautics xplrati scic rsarch tchlgy girig Kathri Jhs Kathri G. Jhs Cmputatial Rsarch Facility math buildig ddicati,8007.5,111.5,2.5,16.5,"NASA Lagly Rsarch Ctr arautics xplrati scic rsarch tchlgy girig Kathri Jhs Kathri G. Jhs Cmputatial Rsarch Facility math buildig ddicati Katherine Johnson Interview, Sept. 2017",630
1831,k1gVVnv_om4,Hurricane Maria slams Puerto Rico — here are the latest projections,Tch Isidr TI Tch Scic Ivati Digital cultur Dsig Tchlgy Hurrica Maria Hurrica safty purt ric catgry 5 wathr disastr,21700.333333333332,442.0,12.666666666666666,164.0,Tch Isidr TI Tch Scic Ivati Digital cultur Dsig Tchlgy Hurrica Maria Hurrica safty purt ric catgry 5 wathr disastr Hurricane Maria slams Puerto Rico — here are the latest projections,1831
2266,v9ERab8P6Io,How Mario Got His Mustache (and His Name!),grat big stry gbs lag dcumtary dcs watchabl vid gams itd mari supr mari brs. dky kg Tch & Scic Wird & Fu Kwldg gamig,106250.5,4106.0,66.5,469.5,grat big stry gbs lag dcumtary dcs watchabl vid gams itd mari supr mari brs. dky kg Tch & Scic Wird & Fu Kwldg gamig How Mario Got His Mustache (and His Name!),2266
401,9gpjRy3uDUM,Is Space Travel Possible??,ducatial lctrical lctrbm lctrics girig trtaimt quipmt mhdi mhdi sadaghdar arc mishap physics Sadaghdar scic tst tls circuit fuy lar shck spark prtcti shrt circuit spac spac travl cmbusti gi prpulsi vacuum thrust thrustr rckt cdy’slab Nwt NASA Satur V Apll spaccraft spacship satllit ISS Spac Stati,320262.4,29058.2,308.8,3449.4,ducatial lctrical lctrbm lctrics girig trtaimt quipmt mhdi mhdi sadaghdar arc mishap physics Sadaghdar scic tst tls circuit fuy lar shck spark prtcti shrt circuit spac spac travl cmbusti gi prpulsi vacuum thrust thrustr rckt cdy’slab Nwt NASA Satur V Apll spaccraft spacship satllit ISS Spac Stati Is Space Travel Possible??,401
1227,UwK-WDjdMxo,20 DIY Halloween Costumes 2017!! Alisha Marie,Alisha Mari diy hallw cstums hallw cstums hallw cstums last miut cstum idas last miut cstum alishamari alisha diy d it yurslf asy hi cm 2017 buzzfd,1623244.0,83885.0,2770.0,10026.5,Alisha Mari diy hallw cstums hallw cstums hallw cstums last miut cstum idas last miut cstum alishamari alisha diy d it yurslf asy hi cm 2017 buzzfd 20 DIY Halloween Costumes 2017!! Alisha Marie,1227
663,GTawLgr1W0w,If Halloween Costumes Were Equal,athy padilla smsh autum fall ctbr sas hallw cstums diy m last miut,218289.0,23046.0,370.0,1827.0,athy padilla smsh autum fall ctbr sas hallw cstums diy m last miut If Halloween Costumes Were Equal,663
2365,xlu6i6lT_vk,How Do MASSIVE Sinkholes Form?,sikhl hw d sikhls frm sikhl i watr sikhl 2017 massiv sikhl dagrus sikhl scary sikhl car sikhl lak sikhl swallws car sikhl swallws hm sikhl swallws hus udrgrud watr udrgrud rivr udrgrud lak udrgrud ca cav grudwatr salt limst dlmit drught climat chag glbal warmig sigs f sikhl sikhl warig sigs skillshar lif ggi scic aimati aimatd scic blck,393421.6666666667,13398.333333333334,361.1666666666667,1483.3333333333333,sikhl hw d sikhls frm sikhl i watr sikhl 2017 massiv sikhl dagrus sikhl scary sikhl car sikhl lak sikhl swallws car sikhl swallws hm sikhl swallws hus udrgrud watr udrgrud rivr udrgrud lak udrgrud ca cav grudwatr salt limst dlmit drught climat chag glbal warmig sigs f sikhl sikhl warig sigs skillshar lif ggi scic aimati aimatd scic blck How Do MASSIVE Sinkholes Form?,2365
1985,o3_byIkXF7Q,NASA Mission Control 360 Live: Cassini’s Finale at Saturn,Cassii satur asa spaccraft gradfial plug spac scic tchlgy ws liv 360 360vid JPL NASAJPL Jt Prpulsi Lab Jt Prpulsi Labratry missi ctrl stram stramig livstram,307285.0,2597.0,113.0,157.0,Cassii satur asa spaccraft gradfial plug spac scic tchlgy ws liv 360 360vid JPL NASAJPL Jt Prpulsi Lab Jt Prpulsi Labratry missi ctrl stram stramig livstram NASA Mission Control 360 Live: Cassini’s Finale at Saturn,1985
504,CAQ2wWVlOuc,Jeff Bezos smashes bottle of champagne while perched on top of a giant wind mill,Tch Isidr TI Tch Scic Ivati Digital cultur Dsig Tchlgy Jff Bzs Amaz Wid mill Slar pwr Wid pwr,48671.666666666664,603.6666666666666,132.0,178.33333333333334,Tch Isidr TI Tch Scic Ivati Digital cultur Dsig Tchlgy Jff Bzs Amaz Wid mill Slar pwr Wid pwr Jeff Bezos smashes bottle of champagne while perched on top of a giant wind mill,504
741,IMG0u0_cKNc,Here's what happens when two hurricanes collide,Tch Isidr TI Tch Scic Ivati Digital cultur Dsig Tchlgy Hurrica Hurrica Irma Hurrica Js Hurrica Irwi Flrida Wathr Glbal Warmig Climat Chag,151826.66666666666,2154.0,101.66666666666667,448.6666666666667,Tch Isidr TI Tch Scic Ivati Digital cultur Dsig Tchlgy Hurrica Hurrica Irma Hurrica Js Hurrica Irwi Flrida Wathr Glbal Warmig Climat Chag Here's what happens when two hurricanes collide,741
1382,ZCQuasiJgYM,iPhone X hands-on live from Apple Event 2017,gadgt tchlgy csumr tch al gadgts scic gar tch Appl iPh mbil smartph hads- iPh X iPh 8 iPh 7 iPh 8 Plus iph x hads- supr rtia OLED iPh X camra,1459493.0,6102.25,1753.0,3047.5,gadgt tchlgy csumr tch al gadgts scic gar tch Appl iPh mbil smartph hads- iPh X iPh 8 iPh 7 iPh 8 Plus iph x hads- supr rtia OLED iPh X camra iPhone X hands-on live from Apple Event 2017,1382
334,82t9Tk9dUHs,Fidget spinner spinning in space!,Astraut Rady Brsik Rady Brsik NASA Astraut Spac Spac Travl Spac Explrati Spac Missis Nwts Laws f Mti Fidgt Spirs Spirs Scic,1707487.1666666667,16310.166666666666,1297.8333333333333,4052.5,Astraut Rady Brsik Rady Brsik NASA Astraut Spac Spac Travl Spac Explrati Spac Missis Nwts Laws f Mti Fidgt Spirs Spirs Scic Fidget spinner spinning in space!,334
2109,r8jWAvF3rcE,Cyclopia: A Rare Birth Defect That Could Help Cure Cancer,SciShw scic Hak Gr ducati lar cacr cyclpia shp lambs  y Shh pathway prtis gs DNA tratmt birth dfct cur disrupt sic hdghg cyclps dicphal tlcphal frbrai crbrum gstati dvlpmt hlprscphaly HPE tratg mbry cyclpami cr lily,211126.0,7625.2,136.2,581.8,SciShw scic Hak Gr ducati lar cacr cyclpia shp lambs  y Shh pathway prtis gs DNA tratmt birth dfct cur disrupt sic hdghg cyclps dicphal tlcphal frbrai crbrum gstati dvlpmt hlprscphaly HPE tratg mbry cyclpami cr lily Cyclopia: A Rare Birth Defect That Could Help Cure Cancer,2109
2057,ppGCbh8ggUs,The Constitution of the Spartans,Histry Histria Civilis Educatial Educati Classrm Sparta Acit Grc Acit Histry,255206.0,12576.0,207.0,1538.3333333333333,Histry Histria Civilis Educatial Educati Classrm Sparta Acit Grc Acit Histry The Constitution of the Spartans,2057
459,AzWiUQEdJOo,Insane Ways Rich People Are Prepping For The Apocalypse!,Dmsday AsapSCIENCE Prpprs Survivalists Survival Tips apcalyps apcalyps traiig brav wildrss trump dystpia th d f th wrld last day  th arth sigs th d f th wrld is ar hw t surviv th apcalyps silic vally walth iquality tp issus i amrica psychlgy stckpil asapthught scic f survivig wh will th wrld d this vid culd sav yur lif hw t surviv a plagu hw t surviv a zmbi apcalyps,165935.8,5001.4,773.6,608.4,Dmsday AsapSCIENCE Prpprs Survivalists Survival Tips apcalyps apcalyps traiig brav wildrss trump dystpia th d f th wrld last day  th arth sigs th d f th wrld is ar hw t surviv th apcalyps silic vally walth iquality tp issus i amrica psychlgy stckpil asapthught scic f survivig wh will th wrld d this vid culd sav yur lif hw t surviv a plagu hw t surviv a zmbi apcalyps Insane Ways Rich People Are Prepping For The Apocalypse!,459
496,BwYPddy_5bk,Why Cities?,histry acit histry jh gr rdfightrs hak gr vlgbrthrs crash curs citis agricultur agricultural rvluti arly sttlmts archalgy,179703.0,9437.333333333334,76.33333333333333,1019.3333333333334,histry acit histry jh gr rdfightrs hak gr vlgbrthrs crash curs citis agricultur agricultural rvluti arly sttlmts archalgy Why Cities?,496
2382,y5lIKZoN1_0,Magnum PIs booted from Comerica Park,[],86583.0,29.666666666666668,1.6666666666666667,73.0,[] Magnum PIs booted from Comerica Park,2382
2249,ufaDurSCKOk,Annihilation (2018) - Teaser Trailer - Paramount Pictures,Jff VadrMr Suthr Rach Trilgy Natali Prtma Jifr Jas Ligh Gia Rdriguz Tssa Thmps Tuva Nvty Oscar Isaac Alx Garlad Aihilati Aihilati Mvi Trailr Official Rlas Prviw Ex Machia 28 Days Latr Paramut Picturs Sci Fi Scic Ficti Mvis Acti Mvis Nw Mvi,4630095.833333333,25152.0,2303.0,3418.6666666666665,Jff VadrMr Suthr Rach Trilgy Natali Prtma Jifr Jas Ligh Gia Rdriguz Tssa Thmps Tuva Nvty Oscar Isaac Alx Garlad Aihilati Aihilati Mvi Trailr Official Rlas Prviw Ex Machia 28 Days Latr Paramut Picturs Sci Fi Scic Ficti Mvis Acti Mvis Nw Mvi Annihilation (2018) - Teaser Trailer - Paramount Pictures,2249
2187,tSwWCJHHTGc,"Genesis, IBEX, and Cassini: SciShow Talk Show",SciShw scic Hak Gr ducati lar da risfld aimal wdrs aimal wdrs mtaa Jssi kuds castada gr chk curs curs mtaa talk shw birds cassii cladus discvry gsis ibx su slar wid asa slar systm,49757.5,1624.5,37.0,285.0,"SciShw scic Hak Gr ducati lar da risfld aimal wdrs aimal wdrs mtaa Jssi kuds castada gr chk curs curs mtaa talk shw birds cassii cladus discvry gsis ibx su slar wid asa slar systm Genesis, IBEX, and Cassini: SciShow Talk Show",2187
2350,xLZoYh-aMm8,Ultimate Pumpkin Carving Tool,lasr cuttr william sma crappy scic hallw pumpki pumpki carvig carvig tl lasr hallw pumpki pumpki pwr tl hw much pwr is t much pwr,191793.0,9251.0,196.5,5580.0,lasr cuttr william sma crappy scic hallw pumpki pumpki carvig carvig tl lasr hallw pumpki pumpki pwr tl hw much pwr is t much pwr Ultimate Pumpkin Carving Tool,2350
863,LDcm6twPEJA,The Problem With Our Phones,th schl f lif schl lif ducati rlatiships md alai d btt srm philsphy lctur wisdm Ld talk scular slf imprvmt curriculum big qustis lv wllss midfullss psychlgy Alai d btt f hw t hack phs mbil cll tchlgy addicti mdr dprssi prblm issu PL-SELF ph scic iph mdia cll ph schl f lif appl prstati iph prblm prblm with iph téléph tléf Tlf 电话 電話 फ़ोन Телефон,183960.5,10239.0,443.5,1142.5,th schl f lif schl lif ducati rlatiships md alai d btt srm philsphy lctur wisdm Ld talk scular slf imprvmt curriculum big qustis lv wllss midfullss psychlgy Alai d btt f hw t hack phs mbil cll tchlgy addicti mdr dprssi prblm issu PL-SELF ph scic iph mdia cll ph schl f lif appl prstati iph prblm prblm with iph téléph tléf Tlf 电话 電話 फ़ोन Телефон The Problem With Our Phones,863
1164,TLfwSd-tLcM,31 LAST MINUTE DIY HALLOWEEN COSTUMES,DIY 2017 hallw cstums cupls hallw cstums 2017 cupl hallw cstums 2017 d it yurslf hallw cstum hallw cstums cstum idas asy cstum chap cstum Ia hcx curty millr last miut last miut cstums DIY cstum DIY hallw last miut cstum idas DIY hallw cstums asy diy cstum asy hallw cstum last miut cstum chap hallw cstum fu hallw cstums bst hallw cstums 2017,560498.6666666666,24056.333333333332,1373.3333333333333,1491.0,DIY 2017 hallw cstums cupls hallw cstums 2017 cupl hallw cstums 2017 d it yurslf hallw cstum hallw cstums cstum idas asy cstum chap cstum Ia hcx curty millr last miut last miut cstums DIY cstum DIY hallw last miut cstum idas DIY hallw cstums asy diy cstum asy hallw cstum last miut cstum chap hallw cstum fu hallw cstums bst hallw cstums 2017 31 LAST MINUTE DIY HALLOWEEN COSTUMES,1164
1228,UxrTnLgO1YM,HALLOWEEN COSTUME THRIFT SHOPPING?!,thrift shppig hallw cstum ambr schll macklmr DIY idas chap asy ctbr party gdwill try  haul last miut cupls thriftig,411200.75,18314.75,356.25,1965.0,thrift shppig hallw cstum ambr schll macklmr DIY idas chap asy ctbr party gdwill try  haul last miut cupls thriftig HALLOWEEN COSTUME THRIFT SHOPPING?!,1228
1024,Pxojz6grwcU,What Happened to Mad Cow Disease?,SciShw scic Hak Gr ducati lar mad cw disas bvi spgifrm cphalpathy What Happd t Mad Cw Disas? stfa chi pri pri disass scrapi rvus tissu variat Crutzfldt-Jakb disas vCJD milk mat uk bs prti prti fldig,286400.5,8936.5,155.5,1277.5,SciShw scic Hak Gr ducati lar mad cw disas bvi spgifrm cphalpathy What Happd t Mad Cw Disas? stfa chi pri pri disass scrapi rvus tissu variat Crutzfldt-Jakb disas vCJD milk mat uk bs prti prti fldig What Happened to Mad Cow Disease?,1024
788,J_OyB0k-IVg,Earthquake kills dozens in central Mexico,mxic arthquak mxic quak ctral mxic quak publa publa arth qauk bria tdd,299032.75,1242.5,373.75,2588.75,mxic arthquak mxic quak ctral mxic quak publa publa arth qauk bria tdd Earthquake kills dozens in central Mexico,788
1165,TMy0vJfKvzI,A Boy Ate 25 Laxative Brownies In 1 Hour. This Is What Happened To His Kidneys.,mdical mdici patit dctr scic tchlgy A By At 25 Laxativ Brwis I 1 Hur. This Is What Happd T His Kidys. brwis hur kidy by ral happd halth ducati pharmacy car tratmt frg dacig sdium ptassium chmistry,720640.0,12267.0,496.5,1383.0,mdical mdici patit dctr scic tchlgy A By At 25 Laxativ Brwis I 1 Hur. This Is What Happd T His Kidys. brwis hur kidy by ral happd halth ducati pharmacy car tratmt frg dacig sdium ptassium chmistry A Boy Ate 25 Laxative Brownies In 1 Hour. This Is What Happened To His Kidneys.,1165
2188,tTHMBjyzgEU,How Much Do You Poop In A Lifetime?,pp hw much will yu pp hw much ds a prs pp Hw Much D Yu Pp I A Liftim? crap hw d tilts wrk tilt what is pp p fcs scic umbr tw ducati tak a pp bwl mvmt bathrm what is p whr ds p g dfcati wast drp a duc d d aimati digstiv systm itstis gig t th bathrm vrybdy pps stl p,144226.0,4886.2,200.4,1519.6,pp hw much will yu pp hw much ds a prs pp Hw Much D Yu Pp I A Liftim? crap hw d tilts wrk tilt what is pp p fcs scic umbr tw ducati tak a pp bwl mvmt bathrm what is p whr ds p g dfcati wast drp a duc d d aimati digstiv systm itstis gig t th bathrm vrybdy pps stl p How Much Do You Poop In A Lifetime?,2188
1377,Z7R8XRKqHAI,Hey Ya! - Walk off the Earth (Outkast Cover),hy ya cvr amazig cvr Shap f Yu Walk ff th arth Wird istrumts th bst music vids fficial vid fficial hy ya cvr fficial hy ya vid,544460.1666666666,34314.166666666664,503.5,1777.6666666666667,hy ya cvr amazig cvr Shap f Yu Walk ff th arth Wird istrumts th bst music vids fficial vid fficial hy ya cvr fficial hy ya vid Hey Ya! - Walk off the Earth (Outkast Cover),1377
2258,uxI-8GTqDYA,How To Survive The Apocalypse  - Scientific Survival Tips,Scic AsapSCIENCE Survival Nuclar War Nrth Kra Dald Trump Hw t surviv uclar war survivig i th wild survival tips that culd sav yur lif zmbi apcalyps apcalyps d f th wrld hw t surviv survival tips hw t stay aliv i th wds what if w hav a uclar war wildrss al i th wildrss stradd  a islad survivr hw d bactria rul vr yur bdy is rality ral i a utshll humas i 1000 yars,676227.6,27426.6,588.2,2323.0,Scic AsapSCIENCE Survival Nuclar War Nrth Kra Dald Trump Hw t surviv uclar war survivig i th wild survival tips that culd sav yur lif zmbi apcalyps apcalyps d f th wrld hw t surviv survival tips hw t stay aliv i th wds what if w hav a uclar war wildrss al i th wildrss stradd  a islad survivr hw d bactria rul vr yur bdy is rality ral i a utshll humas i 1000 yars How To Survive The Apocalypse  - Scientific Survival Tips,2258
880,Lf3ER5Ope_s,How American Gothic became an icon,vx.cm vx xplai grat wd amrica gthic wd grat amrica gthic art art histry paitig ld iwa ld iwa 1930s histry cultur artistic pait ics pardis amrica gthic paitig artistic histry cultural histry iwa artists iwa art almaac vx almaac phil dwards byr mckby a wd a wd graham pars wms fabl daughtrs f th rvluti,336309.5,10380.5,390.0,696.5,vx.cm vx xplai grat wd amrica gthic wd grat amrica gthic art art histry paitig ld iwa ld iwa 1930s histry cultur artistic pait ics pardis amrica gthic paitig artistic histry cultural histry iwa artists iwa art almaac vx almaac phil dwards byr mckby a wd a wd graham pars wms fabl daughtrs f th rvluti How American Gothic became an icon,880
724,HzzmqUoQobc,Why we really really really like repetition in music,frmati byc michal jacks bat it taylr swift lk what yu mad m d carly ra jps i rally lik yu cut t th flig stv rich rby music scic arwrm psychlgy vx pp hip hp rihaa vic stapls migs charli xcx bys dadz th bach bys vx xplais ws pp cultur,333622.0,15230.0,674.0,1842.0,frmati byc michal jacks bat it taylr swift lk what yu mad m d carly ra jps i rally lik yu cut t th flig stv rich rby music scic arwrm psychlgy vx pp hip hp rihaa vic stapls migs charli xcx bys dadz th bach bys vx xplais ws pp cultur Why we really really really like repetition in music,724
620,FPRTN_r9IyM,Bizarre ‘Lava-Like’ Landslide Tears Through Hillside | National Geographic,atial ggraphic at g atg aimals wildlif scic xplr discvr survival atur dcumtary ladslid mud chia prmafrst climat wathr mltig mutais tibt Bizarr Lava-Lik Ladslid Tars Ladslid Tars Thrugh Hillsid Hillsid thick stram grass slids swpig mutai Chis scial mdia dramatic ladslid ffct f thawig prmafrst PLivjPDlt6ApTjurXykShuUqp7LQcj9s8s PLivjPDlt6ApRiBHpsyXWG22G8RPNZ6jlb PLivjPDlt6ApRfQqtRw7JkGCLvzGMBB2,29554.333333333332,855.0,13.666666666666666,187.0,atial ggraphic at g atg aimals wildlif scic xplr discvr survival atur dcumtary ladslid mud chia prmafrst climat wathr mltig mutais tibt Bizarr Lava-Lik Ladslid Tars Ladslid Tars Thrugh Hillsid Hillsid thick stram grass slids swpig mutai Chis scial mdia dramatic ladslid ffct f thawig prmafrst PLivjPDlt6ApTjurXykShuUqp7LQcj9s8s PLivjPDlt6ApRiBHpsyXWG22G8RPNZ6jlb PLivjPDlt6ApRfQqtRw7JkGCLvzGMBB2 Bizarre ‘Lava-Like’ Landslide Tears Through Hillside | National Geographic,620
2412,ypXwioZXUrE,Why We Feel Lonely and Odd,th schl f lif ducati rlatiships alai d btt philsphy imprvmt curriculum big qustis lv midfullss psychlgy slf imag cfidc lly itrvrt xtrvrt dd why d i fl lly am i rmal? dd? al lliss scic dprssi sad sigl schl f lif guys fligs rlatiship brai axity flig lly buzzfd m mtis pai mtivati llist scial girlfrid stirs sl isam fühl s stir sul 感觉孤独 अकेला महसूस करना,173570.8,9008.2,136.6,629.2,th schl f lif ducati rlatiships alai d btt philsphy imprvmt curriculum big qustis lv midfullss psychlgy slf imag cfidc lly itrvrt xtrvrt dd why d i fl lly am i rmal? dd? al lliss scic dprssi sad sigl schl f lif guys fligs rlatiship brai axity flig lly buzzfd m mtis pai mtivati llist scial girlfrid stirs sl isam fühl s stir sul 感觉孤独 अकेला महसूस करना Why We Feel Lonely and Odd,2412
857,L6wODNHi4qE,Preview: Get On Board The Brand New Season! | Season 4 | THE LAST MAN ON EARTH,Th Last Ma O Earth Will Frt Krist Schaal pst apcalyptic Th Last Ma O Earth TV Th Last Ma  Earth Full Jas Sudikis Jauary Js Ml Rdriguz Chris Millr Phil Lrd Mary Stburg Clpatra Clma Saturday Night Liv Philip Tady pst-apcalyptic Aliv i Tucs Tusc Carl Pilbasia Itratial Spac Stati Mik Millr Sas 4 Prviw Gt O Bard Th Brad Nw Sas! sas prmir Captai Tady Jrmy Krist Wiig,13301.5,114.0,6.0,19.5,Th Last Ma O Earth Will Frt Krist Schaal pst apcalyptic Th Last Ma O Earth TV Th Last Ma  Earth Full Jas Sudikis Jauary Js Ml Rdriguz Chris Millr Phil Lrd Mary Stburg Clpatra Clma Saturday Night Liv Philip Tady pst-apcalyptic Aliv i Tucs Tusc Carl Pilbasia Itratial Spac Stati Mik Millr Sas 4 Prviw Gt O Bard Th Brad Nw Sas! sas prmir Captai Tady Jrmy Krist Wiig Preview: Get On Board The Brand New Season! | Season 4 | THE LAST MAN ON EARTH,857
964,O2pyRDQgVjk,What Really Happened the First Time We Split a Heavy Atom in Half,SciShw scic Hak Gr ducati lar What Rally Happd th First Tim W Split th Atm mrs split a atm lis mitr uclar fissi bl priz max plack tt hah radiati istp radiactiv dcay barium radium krypt fritz strassma utr tt frisch albrt isti atmic bmb uclar ractr ric frmi award mitrium physicist,362946.25,14405.25,293.0,977.25,SciShw scic Hak Gr ducati lar What Rally Happd th First Tim W Split th Atm mrs split a atm lis mitr uclar fissi bl priz max plack tt hah radiati istp radiactiv dcay barium radium krypt fritz strassma utr tt frisch albrt isti atmic bmb uclar ractr ric frmi award mitrium physicist What Really Happened the First Time We Split a Heavy Atom in Half,964
1292,Wp2TUPo5W0c,Daniel and Depression,dail ad dprssi dprssi dail hwll da hwll dail dprssd mtal halth mtal halth wrld mtal halth day yug mids charity awarss stry tim illss abut sadss xpric suffr 2017 hlp rcvry pizza hl srti dpami causs why hw bilgical scic biplar gtic psychlgical scilgical ras struggl idtity dctr advic thrapy lik what atidprssats sid ffcts ismia slp mms,1591614.75,282581.75,710.5,52271.0,dail ad dprssi dprssi dail hwll da hwll dail dprssd mtal halth mtal halth wrld mtal halth day yug mids charity awarss stry tim illss abut sadss xpric suffr 2017 hlp rcvry pizza hl srti dpami causs why hw bilgical scic biplar gtic psychlgical scilgical ras struggl idtity dctr advic thrapy lik what atidprssats sid ffcts ismia slp mms Daniel and Depression,1292
2108,r3wQ8ISV4wc,Preview: The Most Surprising Adventure Yet | Season 1 Ep. 5 | THE ORVILLE,THE ORVILLE FOX SETH MACFARLANE Fx Bradcastig TV Cmdy Family Guy Aimati O Fx Bb's Burgrs Td Td 2 Ptr Griffi Sth McFarla Bra Braga David A. Gdma Jas Clark Liz Hlds Ed Mrcr Scic Ficti Spac Outr Spac J Favrau Th Jugl Bk Friday Night Lights Nighbrs Agts f S.H.I.E.L.D Sas 1 Episd 5 Pria Th Mst Surprisig Advtur Charliz Thr gust stars w pisd Prviw,12455.5,281.0,4.5,74.0,THE ORVILLE FOX SETH MACFARLANE Fx Bradcastig TV Cmdy Family Guy Aimati O Fx Bb's Burgrs Td Td 2 Ptr Griffi Sth McFarla Bra Braga David A. Gdma Jas Clark Liz Hlds Ed Mrcr Scic Ficti Spac Outr Spac J Favrau Th Jugl Bk Friday Night Lights Nighbrs Agts f S.H.I.E.L.D Sas 1 Episd 5 Pria Th Mst Surprisig Advtur Charliz Thr gust stars w pisd Prviw Preview: The Most Surprising Adventure Yet | Season 1 Ep. 5 | THE ORVILLE,2108
1767,iALfvFpcItE,Why Are You Anxious?,Axity Scic f Axity Gralizd Axity Disrdr OCD Phbias Mtal Halth Mtal illss What causs axity is axity bad fr yu what is t much axity Hw t trat axity with mdici hw t trat axity with thraphy is axity gtic hw ds axity ffct my halth d I hav axity? Mtal Halth Stigma mtal halth scic paic attack axity attack strss hw t cp with strss what is axity what is a axity disrdr,261553.0,11975.0,145.0,1159.0,Axity Scic f Axity Gralizd Axity Disrdr OCD Phbias Mtal Halth Mtal illss What causs axity is axity bad fr yu what is t much axity Hw t trat axity with mdici hw t trat axity with thraphy is axity gtic hw ds axity ffct my halth d I hav axity? Mtal Halth Stigma mtal halth scic paic attack axity attack strss hw t cp with strss what is axity what is a axity disrdr Why Are You Anxious?,1767
32,-s267WkYVoo,Why We Need To Be Talking About American Tail,Crackd crackd.cm sktch cmdy fuy spf laugh satir pardy hilarius spfs Amrica tail D Bluth Smwhr Out Thr Fivl fivl muskwitz N Cats i amrica Fivl gs wst Mvi facts mvi trivial bst aimatd mvi film thry mvi histry jwish histry russia histry cut bridgtt grbrg Stv Spilbrg,186264.0,7703.0,544.0,1421.0,Crackd crackd.cm sktch cmdy fuy spf laugh satir pardy hilarius spfs Amrica tail D Bluth Smwhr Out Thr Fivl fivl muskwitz N Cats i amrica Fivl gs wst Mvi facts mvi trivial bst aimatd mvi film thry mvi histry jwish histry russia histry cut bridgtt grbrg Stv Spilbrg Why We Need To Be Talking About American Tail,32
1463,a5NIg5yyHWo,Pawn Stars: An Original 1978 Superman Costume (Season 14) | History,histry histry chal histry shws histry chal shws Paw Stars Paw Stars clips Paw Stars full pisds paw las vgas gld & silvr paw shp gld ad silvr paw shp rick harris cry harris suprma christphr rv frtrss f slitud crystal kryptit suprma th mvi yv blak PLE6A5F7F558CDD4F2 Suprma Cstum Sas 14 Up Up ad Away! Episd 6 -Kryptit crystal Cry rvals dp lv rigial HISTORY,400104.0,2432.0,123.0,386.0,histry histry chal histry shws histry chal shws Paw Stars Paw Stars clips Paw Stars full pisds paw las vgas gld & silvr paw shp gld ad silvr paw shp rick harris cry harris suprma christphr rv frtrss f slitud crystal kryptit suprma th mvi yv blak PLE6A5F7F558CDD4F2 Suprma Cstum Sas 14 Up Up ad Away! Episd 6 -Kryptit crystal Cry rvals dp lv rigial HISTORY Pawn Stars: An Original 1978 Superman Costume (Season 14) | History,1463
516,CYoRmfI0LUc,"Hello, world. Meet our baby girl: Alexis Olympia Ohanian, Jr.",[],2063424.857142857,21249.85714285714,4129.714285714285,6833.571428571428,"[] Hello, world. Meet our baby girl: Alexis Olympia Ohanian, Jr.",516
1964,nZtpLKCoUWg,The Unfortunate Truth About The Civil War,Crackd crackd.cm sktch cmdy fuy spf satir pardy hilarius civil war myths apl cfdrats slav wrs fals histry rbrt  l luisiaa purchas civil war histry ati-slav cfdrat status cfdrat flag zra bikagaga histry tachr fu facts crash curs Rbrt E. L Stwall Jacks Jffrs Davis g with th wid atbllum suth missuri cmprmis jh brw bldig kasas Drd Sctt Abraham Licl,223198.5,11889.5,1622.5,3142.75,Crackd crackd.cm sktch cmdy fuy spf satir pardy hilarius civil war myths apl cfdrats slav wrs fals histry rbrt  l luisiaa purchas civil war histry ati-slav cfdrat status cfdrat flag zra bikagaga histry tachr fu facts crash curs Rbrt E. L Stwall Jacks Jffrs Davis g with th wid atbllum suth missuri cmprmis jh brw bldig kasas Drd Sctt Abraham Licl The Unfortunate Truth About The Civil War,1964
269,62cWuFjzOgs,Apple Watch Series 3 hands-on live from Apple Event 2017,gadgt tchlgy csumr tch al gadgts scic gar tch Appl Watch Sris 3 hads- Appl Watch Sris 3 hads- Appl Watch hads- LTE Appl Watch LTE Sris 3 Appl Watch 3 cllular cllular Appl Watch 3 Appl Watch 3 hads-,56136.0,374.0,52.0,162.0,gadgt tchlgy csumr tch al gadgts scic gar tch Appl Watch Sris 3 hads- Appl Watch Sris 3 hads- Appl Watch hads- LTE Appl Watch LTE Sris 3 Appl Watch 3 cllular cllular Appl Watch 3 Appl Watch 3 hads- Apple Watch Series 3 hands-on live from Apple Event 2017,269
424,AEaKrq3SpW8,The Internet: Crash Course Computer Science #29,Jh Gr Hak Gr vlgbrthrs Crash Curs crashcurs ducati cmputig cmputrs cmputr scic cmpsci LAN WAN Itrt packt TCP IP TCP/IP UDP IP addrss ISP Itrt Srvic Prvidr chcksum dmais dmai am DNS dmai am systm subdmais p systm itrccti mdl OSI mdl wrld wid wb trasmissi ctrl prtcl itrt prtcl usr datagram prtcl prt umbr,60289.0,2188.3333333333335,46.666666666666664,282.3333333333333,Jh Gr Hak Gr vlgbrthrs Crash Curs crashcurs ducati cmputig cmputrs cmputr scic cmpsci LAN WAN Itrt packt TCP IP TCP/IP UDP IP addrss ISP Itrt Srvic Prvidr chcksum dmais dmai am DNS dmai am systm subdmais p systm itrccti mdl OSI mdl wrld wid wb trasmissi ctrl prtcl itrt prtcl usr datagram prtcl prt umbr The Internet: Crash Course Computer Science #29,424
366,8hAdOYDoo4c,First Look! Ellen Scores Deleted Scenes from Taylor Swift's 'Look What You Made Me Do',Taylr Swift gav hr frid Ell th first lk at dltd scs frm Lk What Yu Mad M D music vid.,5367703.0,175021.25,4004.75,5275.75,Taylr Swift gav hr frid Ell th first lk at dltd scs frm Lk What Yu Mad M D music vid. First Look! Ellen Scores Deleted Scenes from Taylor Swift's 'Look What You Made Me Do',366
949,NSFXDaMFUN4,Tara where are we?,travl fuy racti tara sillylittlkiwi,150875.0,430.0,470.0,90.0,travl fuy racti tara sillylittlkiwi Tara where are we?,949
1265,WCKJPn1UcXc,One America Appeal: Our Friends In Texas,amricaappal FPOTUS HarvyRlif HustStrg,952945.0,17703.0,3207.0,0.0,amricaappal FPOTUS HarvyRlif HustStrg One America Appeal: Our Friends In Texas,1265
1443,_lGL4Um83LM,"Damage from Hurricane Irma at the Magic Kingdom, Walt Disney World",[],47808.666666666664,177.33333333333334,6.0,73.33333333333333,"[] Damage from Hurricane Irma at the Magic Kingdom, Walt Disney World",1443
223,4xbFVdoRzLQ,How To Stop A North Korean Nuclear Missile,missil rth kra uclar dfc stp prtct girig scic physics thaad agis patrit wap hw agis wrks rth kra missil icbm aimati icbm itrcptr icbm tst icbm lauch thaad missil tst systm thaad tst hw t stp a icbm kim jg u uclar waps rth kra uks hw ds thaad wrk hw ds agis wrk multipl kill vhicl missil dfs hw thaad wrks ral girig,359726.75,12729.5,351.5,1404.0,missil rth kra uclar dfc stp prtct girig scic physics thaad agis patrit wap hw agis wrks rth kra missil icbm aimati icbm itrcptr icbm tst icbm lauch thaad missil tst systm thaad tst hw t stp a icbm kim jg u uclar waps rth kra uks hw ds thaad wrk hw ds agis wrk multipl kill vhicl missil dfs hw thaad wrks ral girig How To Stop A North Korean Nuclear Missile,223
1560,cIsewG2g-1g,How Hans Zimmer and Radiohead transformed Bloom for Blue Planet II,vx.cm vx xplai radihad has zimmr blm ca blu plat blu plat 2 cagraphy bbc arth bbc  christph haubursi thm yrk jy grwd music watr pitillism rchstra tidal,222328.0,9275.0,138.0,760.0,vx.cm vx xplai radihad has zimmr blm ca blu plat blu plat 2 cagraphy bbc arth bbc  christph haubursi thm yrk jy grwd music watr pitillism rchstra tidal How Hans Zimmer and Radiohead transformed Bloom for Blue Planet II,1560
904,M7XdnYiQKjQ,You Don't Know How It Feels - Tom Petty Cover (Walk off the Earth),Tm Ptty cvr yu d't kw hw it fls cvr walk ff th arth cvr rip tm ptty amazig tm ptty cvr tm ptty yu d't kw hw it fls amazig liv prfmcs amazig cvrs wt wt cvrs,221410.0,9685.0,82.75,361.5,Tm Ptty cvr yu d't kw hw it fls cvr walk ff th arth cvr rip tm ptty amazig tm ptty cvr tm ptty yu d't kw hw it fls amazig liv prfmcs amazig cvrs wt wt cvrs You Don't Know How It Feels - Tom Petty Cover (Walk off the Earth),904
